[
  { "id": "AAPL", "type": "Equity", "name": "Apple Inc", "value": "0", "currency": "USD" },
  { "id": "MSFT", "type": "Equity", "name": "Microsoft Corp", "value": "0", "currency": "USD" },
  { "id": "NVDA", "type": "Equity", "name": "NVIDIA Corp", "value": "0", "currency": "USD" },
  { "id": "GOOGL", "type": "Equity", "name": "Alphabet Inc", "value": "0", "currency": "USD" },
  { "id": "TTE.PA", "type": "Equity", "name": "TotalEnergies SE", "value": "0", "currency": "EUR" },
  { "id": "SAN.PA", "type": "Equity", "name": "Sanofi", "value": "0", "currency": "EUR" },
  { "id": "US10Y", "type": "Gov Bond", "name": "US Treasury 10Y", "value": "0", "currency": "USD" },
  { "id": "DE10Y", "type": "Gov Bond", "name": "German Bund 10Y", "value": "0", "currency": "EUR" },
  { "id": "UK10Y", "type": "Gov Bond", "name": "UK Gilt 10Y", "value": "0", "currency": "GBP" },
  { "id": "EUR/USD", "type": "FX", "name": "Euro / US Dollar", "value": "0", "currency": "USD" },
  { "id": "GBP/USD", "type": "FX", "name": "British Pound / USD", "value": "0", "currency": "USD" },
  { "id": "USD/JPY", "type": "FX", "name": "US Dollar / Yen", "value": "0", "currency": "JPY" },
  { "id": "XAU/USD", "type": "Commodity", "name": "Gold", "value": "0", "currency": "USD" },
  { "id": "CL=F", "type": "Commodity", "name": "Crude Oil (WTI)", "value": "0", "currency": "USD" },
  { "id": "NG=F", "type": "Commodity", "name": "Natural Gas", "value": "0", "currency": "USD" },
  { "id": "WHISKY", "type": "Alternative", "name": "Scotch Whisky Cask", "value": "4.5", "currency": "GBP" },
  { "id": "WINE", "type": "Alternative", "name": "Fine Wine Index (Liv-ex)", "value": "3.2", "currency": "GBP" },
  { "id": "ART", "type": "Alternative", "name": "Global Art Index", "value": "5", "currency": "USD" },
  { "id": "RE-UK", "type": "Alternative", "name": "UK Real Estate Index", "value": "250.45", "currency": "GBP" }
]
