[
  {
    "id": "HSBC",
    "name": "HSBC",
    "logo": "https://gateway.pinata.cloud/ipfs/QmUGg3TAxEUerRyoTNXw6dt2EPPTqLyNzQd7FEB2oF8oEH"
  },
  {
    "id": "CA",
    "name": "Crédit Agricole",
    "logo": "https://gateway.pinata.cloud/ipfs/QmdfNWhYrWenZQfj88MdjMbarTtJbTbs5o2vec55p6Q9NS"
  },
  {
    "id": "JPM",
    "name": "J.P. Morgan",
    "logo": "https://gateway.pinata.cloud/ipfs/QmWix42LuxvniAAuVV33E57XEfY5Gx7anyBtpHbPiAB41i"
  },
  {
    "id": "LB",
    "name": "Lloyds Bank",
    "logo": "https://gateway.pinata.cloud/ipfs/QmPTMqsRD45zgspjtVwF5UDCKrH9BRGXvqwC3wBkpiu3zY"
  },
  {
    "id": "SG",
    "name": "Société Générale",
    "logo": "https://gateway.pinata.cloud/ipfs/QmSaNM6H2kyrRb7Zk8DLSoqzzAtmqyoU2Vkoyh6UY6qXCA"
  },
  {
    "id": "NTR",
    "name": "Natixis",
    "logo": "https://gateway.pinata.cloud/ipfs/QmWix42LuxvniAAuVV33E57XEfY5Gx7anyBtpHbPiAB41i"
  },
  {
    "id": "UBS",
    "name": "UBS Group",
    "logo": "https://gateway.pinata.cloud/ipfs/QmbgD84FHaTMHq7KkbRq6dYQN3w1o1p3bEcSUY5nS7VW3S"
  },
  {
    "id": "BARC",
    "name": "Barclays",
    "logo": "https://gateway.pinata.cloud/ipfs/QmZoaN2xiDjdSBgsTXDSDzWk2eTvtfxZh6pX2adcoEEpra"
  },
  {
    "id": "BNP",
    "name": "BNP Paribas",
    "logo": "https://gateway.pinata.cloud/ipfs/QmR6SerRsovwzt4YiQep275jB5yfVJUwjYEYCAEX1V7PpQ"
  }
]